name,email,address,phone_number,birthdate
Віра Ґалаґан,anastasiiaoberemko@gmail.com,"площа Михайла Слабченка, буд. 564 кв. 48, Шостка, 71230",752-62-02,1959-07-14
Мілена Юхименко,oliinykboleslav@gmail.com,"сквер Геранієва, буд. 3 кв. 35, Решетилівка, 91930",+380 98 306-54-42,1989-04-05
Ярослава Козаченко,adam98@ukr.net,"шосе Політкаторжан, буд. 21, Городище, 11317",085 692 78 41,1982-03-05
Данна Євдокименко,kolodubtrokhym@gmail.com,"провулок Сирітський, буд. 91 кв. 8, Сватове, 26308",+380 50 596 87 94,1965-02-13
Левко Абраменко,bkozak@nav4it.org,"набережна Волтона, буд. 4, Рубіжне, 66795",+380 09 498-33-79,2004-10-15
Атаманюк Єлисавета Теодорівна,volodymyra75@gmail.com,"парк Чигиринська, буд. 97 кв. 90, Тальне, 66746",+380 (13) 293-24-16,1979-09-01
пан Олекса Андрусенко,bohdannaromanets@gmail.com,"вулиця Георгія Гамова, буд. 459 кв. 21, Мала Виска, 08705",+380 (26) 372-94-80,1960-05-08
добродій Мирон Чалий,qpavlychenko@gmail.com,"узвіз 15-та ст. Великого Фонтану пляж, буд. 14 кв. 43, Сокологірськ, 68209",+380 39 295 69 32,2001-08-19
Святослав Скиба,nestor10@nav4it.org,"вулиця Індійська, буд. 79, Ічня, 88454",011 528 09 02,2004-08-13
Любов Ейбоженко,shvedchenkobohdan@nav4it.org,"площа Миколи Леонтовича, буд. 930, Славутич, 78348",572 67 48,1972-11-03
Пармен Товстуха,volodymyr10@ukr.net,"сквер Буковинська, буд. 744 кв. 244, Зборів, 40287",071 985-02-11,1977-02-25
Клавдія Козак,bbezditko@nav4it.org,"шосе Усатівська, буд. 113, Новий Буг, 02752",+380 85 427 02 37,1993-11-07
Артимович Богуслава Симонівна,allakonoplenko@nav4it.org,"шосе Пересипська 6-та, буд. 4, Рудки, 72553",+380 84 075-72-69,1997-09-22
Володимира Яремчук,rostyslav47@ukr.net,"набережна Іванівський переїзд, буд. 04 кв. 1, Шпола, 80416",+380 98 883 86 32,2004-04-22
Роман Євтушок,karmaliukbohdanna@nav4it.org,"вулиця Басейна, буд. 874 кв. 9, Білгород-Дністровський, 14429",034 027-16-67,1992-10-15
Лілія Орлик,nesterenkokhoma@gmail.com,"узвіз Висока, буд. 562, Болехів, 07404",463 75 80,2003-08-04
Клавдія Гузь,mykhailynashtokalo@gmail.com,"шосе Любашівський, буд. 785, Павлоград, 79672",+380 (05) 475-82-50,1979-08-25
Камілла Твердохліб,zabashtamarusia@gmail.com,"проспект Колективний, буд. 65 кв. 7, Бібрка, 20054",+380 (43) 244-17-75,1961-07-24
Маруся Безбородько,marusiakorpaniuk@gmail.com,"узвіз Евлії Челебі, буд. 326, Миколаївка, 23017",774-26-14,1963-06-16
Василенко Максим Олексович,gshynkarenko@nav4it.org,"узвіз Наливна, буд. 56, Жмеринка, 15976",+380 61 148-97-79,1985-12-05
Степан Іщенко,datamaniuk@gmail.com,"набережна Строганов міст, буд. 2, Могилів-Подільський, 39979",+380 89 039 72 15,1990-11-16
Златослава Даньків,sirobabamakar@gmail.com,"шосе Михайла Слабченка, буд. 767, Остер, 42549",+380 76 436 53 07,1995-10-21
Акименко Святослава Венедиктівна,eeibozhenko@gmail.com,"парк Деревообробна, буд. 13, Яворів, 04125",+380 75 495-86-82,2004-07-12
пан Кирило Слюсар,illia65@gmail.com,"сквер Полуничний, буд. 963, Благовіщенське, 51335",+380 21 438-78-38,1961-02-20
Златослава Козаченко,zorianfomenko@ukr.net,"узвіз Менделе Сфоріма, буд. 6 кв. 985, Подільськ, 21712",053 431-49-26,1990-04-11
Лукʼян Мазур,kshchors@ukr.net,"узвіз Соляний 6-й, буд. 7 кв. 9, Сватове, 40418",+380 13 510-06-16,1977-03-15
Пантелеймон Цушко,zhukleontii@gmail.com,"узвіз Ніщинського Композитора, буд. 53 кв. 9, Вуглегірськ, 84739",+380 26 987-96-00,1971-12-12
пані Маруся Дацюк,eibozhenkopavlo@ukr.net,"провулок Чорноморський 4-й, буд. 40 кв. 999, Рахів, 83776",+380 03 106-61-56,1983-08-29
пані Софія Демиденко,hermanhavryshkevych@gmail.com,"провулок Карантинна, буд. 091, Миколаївка, 14642",901 29 35,1994-04-05
Валентин Аврамчук,alevtyn76@ukr.net,"проспект Європейська, буд. 18 кв. 8, Корюківка, 12990",+380 (18) 163-39-45,1996-10-11
Ярина Цісик,latamanchuk@gmail.com,"провулок Привокзальний, буд. 74 кв. 09, Кам'янець-Подільський, 37267",+380 08 036 23 88,1977-02-25
добродійка Аніта Ісаєнко,vasylatroshchenko@nav4it.org,"вулиця Перша, буд. 19 кв. 7, Кам'янське, 21200",+380 29 106-80-24,1999-08-19
Ада Абрагамовська,lytvynborys@ukr.net,"площа Бориса Літвака, буд. 465, Тернопіль, 15523",033 560-73-24,1964-01-06
Тереза Доценко,gadamenko@gmail.com,"проспект Українських Героїв, буд. 62 кв. 9, Герца, 44391",+380 40 252 70 16,2001-12-12
Анжела Джус,taverchenko@nav4it.org,"сквер Скліфосовського, буд. 19 кв. 07, Стебник, 40301",+380 62 884 22 89,2001-09-09
Назар Масоха,fomenkomykyta@gmail.com,"парк Аеропортівський 1-й, буд. 500, Маріуполь, 93680",+380 (54) 486-82-03,1983-12-14
Павло Гунько,albert11@ukr.net,"площа Пшенична, буд. 31 кв. 84, Миколаївка, 10188",+380 62 912-36-75,1964-06-19
Мілена Панчук,babakonysym@gmail.com,"набережна 2-га Лінія 6-й ст. Люстдорфської дороги, буд. 4 кв. 745, Городок, 65478",097 788-02-42,1982-08-19
Анжела Стельмах,albert65@gmail.com,"провулок Студентський 3-й, буд. 571, Верхівцеве, 54346",+380 40 162-50-29,1966-08-12
Марта Рак,pavlenkomyron@ukr.net,"площа Будівельний, буд. 892 кв. 36, Дніпро, 65641",780 96 24,1999-11-26
Марина Годунок,ielysei30@nav4it.org,"проспект Друга, буд. 188 кв. 5, Пирятин, 08306",+380 68 370-47-26,1994-04-13
Альбіна Негода,prytulaavhustyn@ukr.net,"узвіз Тролейбусна, буд. 080 кв. 54, Новомиргород, 25843",076 567 98 53,2002-02-18
Ольга Чумак,hennadiiskopenko@nav4it.org,"вулиця Солонцюватий 1-й, буд. 67, Вижниця, 84912",483 39 51,2001-02-13
Хома Данилюк,kyrylo66@gmail.com,"сквер Вапняне селище, буд. 226 кв. 8, Судова Вишня, 04242",020 642-23-82,1964-05-18
Мілена Медведенко,zinchukdemian@nav4it.org,"проспект Хаджибейська дорога, буд. 9, Моспине, 07399",+380 (31) 034-08-22,2004-04-06
Володимир Євтушенко,olenahohol@nav4it.org,"узвіз Хімічна, буд. 733 кв. 104, Чистякове, 08065",052 785 88 58,1973-12-13
Василина Їжак,xdevdiuk@nav4it.org,"сквер Матроський узвіз, буд. 569, Хмельницький, 42143",444 71 16,1999-06-13
Василина Бандура,hennadii17@nav4it.org,"сквер Польова, буд. 2, Ніжин, 31023",+380 06 790 75 13,2004-09-12
Йосип Карпенко,uopanasenko@nav4it.org,"вулиця Деревообробний 2-й, буд. 98 кв. 74, Шахтарське, 60328",013 676-95-52,1967-09-29
Азар Олійник,wzakharchenko@ukr.net,"вулиця Лінія 41-ша, буд. 87, Сквира, 03942",+380 23 740 25 40,2002-03-03
Григорій Ірванець,irynazinchenko@nav4it.org,"набережна Слобідська, буд. 46, Золочів, 68428",+380 15 339 17 94,2001-08-08
пані Камілла Хомик,leontiichupryna@ukr.net,"сквер Давида Бурлюка, буд. 18 кв. 65, Здолбунів, 15634",034 307-29-25,1985-05-28
Валерій Данилюк,iakivshvaika@gmail.com,"сквер Посівна, буд. 32, Карлівка, 47371",094 101-95-45,1973-11-11
Анжела Павленко,fareniukdemian@ukr.net,"набережна Кедровий, буд. 874 кв. 9, Калинівка, 66934",056 311-24-62,1990-06-14
Вікторія Дараган,liubov38@gmail.com,"вулиця Пляжна, буд. 88 кв. 2, Долинська, 34122",+380 64 575 26 65,1999-05-25
пан Теодор Байрак,iukhymchekaliuk@nav4it.org,"проспект Аеродромний 3-й, буд. 044, Рудки, 78136",012 356-12-88,1975-07-05
Федір Ванченко,svitlanaoliinyk@nav4it.org,"провулок Дворникова, буд. 760, Сватове, 55520",716 10 46,1970-12-04
Ярослава Панчук,gshtokalo@gmail.com,"парк Жасминна, буд. 310 кв. 2, Селидове, 72765",050-51-03,1964-03-21
Олександр Єрмоленко,viktoriiavasylevych@gmail.com,"сквер Маловського, буд. 541 кв. 742, Буринь, 28549",125-90-87,1969-02-28
Лілія Петрик,illiaiemelianenko@ukr.net,"проспект Сірожупанників, буд. 9 кв. 19, Сорокине, 66990",+380 67 210-24-72,1996-05-29
Аніта Юрченко,oleskybkalo@nav4it.org,"проспект Проектований 3-й, буд. 778, Молочанськ, 28840",108-64-54,1973-09-03
Нестор Шинкаренко,iemetspetro@ukr.net,"вулиця Марка Твена, буд. 726, Березне, 63525",+380 (03) 169-02-55,1965-03-06
Світлана Чабан,gonyshchenko@gmail.com,"сквер Карантинна, буд. 20, Кам'янка (Черкаська область), 61519",028 512 07 03,2002-05-27
Альберт Дашкевич,wteslia@ukr.net,"площа Рішельєвська, буд. 71 кв. 030, Донецьк, 43551",871 77 54,1980-02-26
Олесь Сагаль,vashchukmarko@ukr.net,"вулиця Лучиста, буд. 94 кв. 6, Сіверськ, 47910",478-31-12,1961-12-25
Людмила Філіпенко,viatseniuk@ukr.net,"парк Квантовий, буд. 67 кв. 18, Баштанка, 63186",+380 (48) 565-60-29,1993-02-20
Юхим Іщак,erika97@ukr.net,"узвіз Барвінковий, буд. 495 кв. 4, Жашків, 39033",067 802 66 41,1980-01-29
Амвросій Артюшенко,edeineka@ukr.net,"узвіз Квітковий, буд. 584 кв. 32, Інкерман, 08767",000 813 36 01,1996-11-14
Віолетта Конопля,znosenko@ukr.net,"узвіз Маріупольська, буд. 7 кв. 231, Герца, 07166",+380 64 679-57-53,1968-02-01
Ольга Бандера,udovychenkovalentyn@ukr.net,"набережна Студентський 3-й, буд. 032 кв. 238, Гайворон, 02509",+380 28 328-46-32,1979-02-22
Тетяна Бабій,sviatoslav37@gmail.com,"шосе Монгольська, буд. 77 кв. 16, Могилів-Подільський, 72754",+380 17 628-11-63,2001-05-23
пан Ілля Затула,cherednykvenedykt@ukr.net,"набережна Панченка, буд. 888, Бобринець, 71231",+380 47 936-83-51,1968-06-23
Леон Ящук,qriabovil@ukr.net,"сквер Абрикосова, буд. 50, Кременчук, 32838",431-91-13,1975-04-14
Альбіна Яремко,okhrim57@ukr.net,"площа Степний 2-й, буд. 00 кв. 8, Богуслав, 56067",018-72-76,1970-08-07
Марʼяна Салій,heorhii35@gmail.com,"площа Вапняний 1-й, буд. 77 кв. 686, Бережани, 22268",+380 02 821 10 45,1971-05-30
Августин Шахрай,feofan01@gmail.com,"сквер Китобійний 2-й, буд. 677 кв. 99, Канів, 13510",019 740-39-99,1960-06-05
Златослава Баклан,vladyslav55@nav4it.org,"провулок Наявний 5-й, буд. 5, Жмеринка, 60909",063 934-50-35,1968-04-04
Ростислав Скопенко,hordiidatsiuk@ukr.net,"площа Іспанська, буд. 0, Дніпро, 42835",+380 12 540-56-69,1978-12-11
Алла Дубина,anitaonishchuk@gmail.com,"шосе Караїмська, буд. 62, Білозерське, 33226",+380 (12) 938-95-67,1983-03-24
Борис Забіла,bebeshkoparmen@gmail.com,"парк Польська, буд. 7, Балаклія, 58975",176-06-14,2000-09-19
Симон Лесик,tetiana96@ukr.net,"вулиця Промислова, буд. 84 кв. 5, Чугуїв, 77703",+380 51 153-85-67,1970-09-17
Олег Дубас,valentyna98@ukr.net,"сквер Сирітський, буд. 753 кв. 3, Тетіїв, 84759",354-55-16,1990-09-17
Любов Сірко,edeisun@nav4it.org,"провулок Центральна, буд. 101 кв. 751, Чорноморськ, 44633",259-66-46,1985-03-04
Аніта Приходько,cfurs@nav4it.org,"площа Зелена, буд. 153 кв. 022, Шаргород, 19917",614 00 19,1983-05-15
пані Анжела Їжакевич,raksolomon@nav4it.org,"вулиця Крушельницької, буд. 6, Радехів, 60539",019 292-81-59,1998-12-23
Зиновій Верменич,spasrak@nav4it.org,"парк Кутова, буд. 53 кв. 34, Олександрівськ, 92293",+380 (03) 071-03-37,2001-03-01
Дан Чорновіл,veniiamyn23@ukr.net,"парк Луценка Івана, буд. 07, Городище, 03355",056 994-94-96,1998-07-30
Скиба Вікторія Остапівна,aleksandrenkovioletta@ukr.net,"парк Дніпровська, буд. 6, Верхівцеве, 49643",568 97 75,1987-05-10
Бебешко Павло Михайлович,akomar@nav4it.org,"набережна Красний, буд. 86 кв. 4, Чернігів, 06984",056 594 41 67,1971-08-17
добродій Захар Чміль,snizhanazatovkaniuk@gmail.com,"провулок Лузанівка, буд. 87 кв. 32, Великі Мости, 82228",966-20-05,1960-11-30
Аліна Рева,amaliia28@nav4it.org,"парк Макова, буд. 028 кв. 7, Горішні Плавні, 38269",+380 48 611-93-93,1979-10-11
Варвара Влох,gsliusar@gmail.com,"вулиця Дігтярна, буд. 924, Вознесенськ, 05440",+380 (11) 835-50-61,1984-05-06
Соломон Даценко,davyd88@nav4it.org,"вулиця Дворникова, буд. 902 кв. 2, Зугрес, 78186",+380 08 145-46-53,1963-08-27
Єфрем Атаманюк,jrudko@nav4it.org,"площа 2-й Академічний тупик, буд. 370, Білогірськ, 99453",+380 03 092-55-64,1992-04-18
Єлисей Вернидуб,hlibaverchenko@gmail.com,"набережна Хотинський, буд. 1 кв. 00, Київ, 09300",+380 34 909-58-06,1995-07-13
Святослава Тимченко,osirko@ukr.net,"шосе Миколи Плигуна, буд. 4, Іршава, 24983",631 14 08,1959-12-02
пан Володимир Давиденко,pavlykanton@gmail.com,"шосе Лінія 45-та, буд. 19, Прилуки, 82872",082 116 41 59,1989-11-11
Августин Дзюба,matviienkoorkhyp@gmail.com,"проспект Миколи Вороного, буд. 86 кв. 549, Буринь, 97342",005 693 65 81,1993-06-05
Товстуха Аніта Єфремівна,larysa00@nav4it.org,"парк Тіниста, буд. 096 кв. 182, Деражня, 96763",+380 49 806-81-71,2005-10-05
Богуслава Лупій,albert35@ukr.net,"вулиця Кипарисний 3-й, буд. 3 кв. 9, Білогірськ, 37575",430-51-69,1995-09-08
Віра Александренко,onysymdashenko@gmail.com,"сквер Миколи Міхновського, буд. 3, Новогродівка, 03766",108 31 12,1986-09-06
Антон Габелко,ivandrobiazko@ukr.net,"проспект Фестивальний, буд. 881, Кам'янка-Бузька, 56308",+380 08 031 89 83,1982-04-19
Софія Царенко,iturkalo@nav4it.org,"вулиця Зої Бутенко, буд. 04, Кам'янка-Дніпровська, 77354",+380 (63) 675-59-65,2003-10-14
Едита Верменич,slytvyn@gmail.com,"парк Дальницька, буд. 90, Монастирище, 96796",052 331 63 71,1973-04-15
Панас Фоменко,oishchak@nav4it.org,"шосе Ветеранів праці, буд. 059 кв. 39, Прип'ять, 35642",+380 27 241 00 78,1991-06-05
Аркадій Павлик,pylyp00@ukr.net,"парк Вознесенський, буд. 8, Шпола, 89257",+380 54 264-15-27,1994-11-08
панна Святослава Масляк,chmilvadym@ukr.net,"сквер Лінія 45-та, буд. 3 кв. 9, Угнів, 14498",+380 24 629-43-49,1974-03-23
Теодор Непорожній,amvrosiihres@ukr.net,"шосе Стражеска Миколи, буд. 9, Золочів, 80342",+380 42 268-71-10,1975-09-30
Віталій Чалий,kybkalooryna@ukr.net,"набережна Закарпатська, буд. 12, Самар, 84230",879 96 58,1992-08-18
Данило Жайворон,jkarmaliuk@ukr.net,"парк Нафтовиків 3-й, буд. 1 кв. 3, Пирятин, 87679",+380 (38) 115-74-17,1985-05-05
Альберт Редько,roksolana78@ukr.net,"площа Луценка Івана, буд. 9, Залізне, 68519",+380 (87) 427-04-63,1972-02-01
Яценко Борислав Федорович,hordiilazarenko@gmail.com,"парк Інглезі, буд. 908 кв. 794, Ізмаїл, 81895",043 859-91-32,1998-02-28
Наталія Макаренко,veniiamynkopytko@gmail.com,"узвіз Свободи, буд. 79 кв. 08, Кам'янка-Дніпровська, 52281",+380 (81) 848-04-41,1962-12-10
Марта Василечко,avhustyn29@ukr.net,"набережна Вокзальна, буд. 37 кв. 543, Інкерман, 78772",+380 (78) 835-59-28,2001-08-05
Лариса Калениченко,kovaliukbohuslava@gmail.com,"парк Жаботинського, буд. 13, Павлоград, 08010",+380 49 544-61-90,1994-08-03
Болеслав Джунь,qartemenko@gmail.com,"парк Станційна 1-ша, буд. 6, Ржищів, 75888",+380 (84) 267-02-30,1962-01-16
Олекса Оліфіренко,solomiia13@gmail.com,"площа Артилерійський 2-й, буд. 165 кв. 52, Рені, 31839",059 501 64 95,1992-01-20
Ярослава Козак,nazarshutko@nav4it.org,"набережна Софіївська, буд. 33 кв. 08, Скадовськ, 77385",+380 (79) 400-87-48,1965-06-14
Федір Архипенко,lazarenkorozaliia@ukr.net,"набережна Саймона Літмана, буд. 06 кв. 57, Сніжне, 77721",+380 24 685 05 38,1984-04-20
Лариса Рябошапка,zakhar11@nav4it.org,"провулок Семінарська, буд. 5, Щолкіне, 82885",+380 06 952 12 99,1998-03-21
Камілла Зубко,kabanenkoielysei@nav4it.org,"проспект Четверта, буд. 69, Великі Мости, 98837",+380 62 079-70-76,1966-08-19
Соломія Луценко,diermolenko@gmail.com,"сквер Виноградний, буд. 797, Миколаївка, 55573",+380 (49) 110-45-90,1993-06-03
Михайлина Рябовіл,shakhraiemiliia@gmail.com,"сквер Гіацинтовий, буд. 4 кв. 339, Чорноморськ, 97323",+380 49 003-47-08,1979-12-11
Тереза Ященко,oleh69@nav4it.org,"провулок Подільська, буд. 9 кв. 9, Южне, 52948",+380 92 341-44-68,1992-09-02
Демид Тимченко,darynaprykhodko@ukr.net,"проспект Академіка Липського, буд. 247, Південне, 48226",697-77-50,1999-07-25
пані Одарка Бараник,nieshchenko@gmail.com,"провулок Маршрутна, буд. 12 кв. 7, Рогатин, 49313",777 87 64,2001-05-19
пані Альбіна Ємець,virakanivets@gmail.com,"вулиця Розкидайлівська, буд. 4 кв. 7, Полонне, 27662",099 244 96 30,2001-01-20
пан Миколай Бабій,khrystynavertyporokh@nav4it.org,"узвіз Обсерваторний, буд. 8 кв. 478, Голубівка, 67304",+380 24 674-73-96,1979-07-28
пан Гордій Ніколюк,marianaievtushok@gmail.com,"провулок Краснослобідський, буд. 64 кв. 5, Калинівка, 14583",+380 84 665 82 36,1975-08-25
Прохір Вакарчук,borys19@nav4it.org,"парк Селищна, буд. 240 кв. 84, Луганськ, 27904",+380 (70) 143-76-23,1970-03-10
Супруненко Степан Демʼянович,bkopytko@nav4it.org,"парк Олександра Юрженка, буд. 0, Лутугине, 75845",+380 88 258-55-68,1990-09-07
Вʼячеслав Вернигора,okhrim43@gmail.com,"вулиця Саксаганського, буд. 99, Берестин, 47865",+380 39 283 46 52,2005-05-02
Олена Дейнека,navramchuk@ukr.net,"проспект Історія Футболу, буд. 228 кв. 9, Рені, 20474",033-01-92,1982-03-18
Богданна Іващенко,demydenkoalevtyn@ukr.net,"проспект Літературна, буд. 74, Ходорів, 64833",+380 67 365-62-32,1973-02-02
Георгій Павлик,iakivartemenko@ukr.net,"проспект Ювілейний 1-й, буд. 2, Скалат, 93475",751 21 30,1987-11-04
Августин Кащенко,pavlychenkomartyn@ukr.net,"проспект 8-ма Лінія Дачі Ковалевського, буд. 7, Кривий Ріг, 62964",783 13 49,1965-01-28
Людмила Корсун,bohdanandreiko@ukr.net,"вулиця Фабрична, буд. 88, Хорол, 24474",598-63-07,1970-12-26
Медведенко Тарас Альбертович,sandriishyn@nav4it.org,"проспект Верхня, буд. 006, Мукачево, 59986",+380 70 444-12-19,1973-01-13
Азар Панчук,gfastenko@nav4it.org,"площа 2-га Лінія 4-ї ст. Люстдорфської дороги, буд. 100, Бориспіль, 25860",034 183-19-92,1968-03-19
Чуйко Аврелій Олесьович,hdanko@ukr.net,"площа Східчастий, буд. 4 кв. 830, Ланівці, 56301",192-30-95,1996-06-19
Клавдія Цимбалюк,andriienkonestor@nav4it.org,"узвіз Куяльницький міст, буд. 17 кв. 70, Алушта, 57116",+380 54 574 51 17,1995-05-09
Трохим Фурс,orysia43@gmail.com,"площа Троїцька, буд. 0, Амвросіївка, 70771",068 254-38-88,1989-07-24
Омелян Яценюк,ustym70@gmail.com,"парк Сирітський 2-й, буд. 630 кв. 7, Радехів, 24345",059 567-93-82,1991-06-29
Віктор Ващенко,ievhen94@ukr.net,"провулок Успенська, буд. 821, Дергачі, 28541",086 733 05 11,1999-05-04
Вадим Шинкаренко,ndeisun@gmail.com,"сквер Буковинська, буд. 59 кв. 373, Судова Вишня, 58858",305-84-67,1995-03-01
Варвара Орлик,serhiihuzii@nav4it.org,"набережна Митна, буд. 52 кв. 53, Херсон, 13533",+380 03 343-18-28,1998-10-24
Едуард Штокало,dzhalilo@nav4it.org,"площа Травневий 3-й, буд. 5 кв. 21, Тараща, 58811",+380 72 412 56 83,2000-09-13
Анастасія Мазур,radchenkobohdan@gmail.com,"проспект Зоопаркова, буд. 13 кв. 482, Бориспіль, 51286",+380 34 681-62-84,1999-02-15
Франц Червоненко,rderevianko@nav4it.org,"вулиця Соляний 5-й, буд. 49, Копичинці, 43461",+380 50 717-89-06,1969-09-01
панна Василина Іваненко,tymofiilaba@ukr.net,"набережна 13-та ст. Великого Фонтану пляж, буд. 8, Перемишляни, 94143",+380 47 679 07 66,2003-04-13
Кирило Забіла,iaremenkoielysei@ukr.net,"вулиця Яблунева, буд. 70, Луганськ, 65146",+380 44 288-89-45,1978-07-11
Святослава Цюцюра,adam62@ukr.net,"шосе Виноградна 2-га, буд. 22, Тараща, 12385",802 10 50,1974-11-03
Віра Колісниченко,stanislav59@gmail.com,"вулиця Москеті, буд. 28, Докучаєвськ, 90354",+380 39 309 25 92,1984-10-16
Вікторія Свистун,viktoriiakybkalo@gmail.com,"набережна 21-й км Старокиївської дороги, буд. 1 кв. 34, Рені, 03770",+380 57 793 33 71,1976-10-25
Єлисавета Зарудна,tereza99@ukr.net,"площа Ніжинська, буд. 1 кв. 969, Зміїв, 49658",+380 69 416-98-08,1991-08-30
Олена Рябець,adaadamchuk@ukr.net,"площа Крутоярська, буд. 933, Ясинувата, 21739",+380 (80) 560-61-64,1988-06-07
Таран Богодар Костянтинович,gzhytskamilena@ukr.net,"парк Рєпіна, буд. 7 кв. 648, Рені, 21983",540 93 01,1995-07-13
Данильчук Марʼяна Пилипівна,varfolomii97@gmail.com,"узвіз Заводська, буд. 43 кв. 97, Дрогобич, 84794",+380 39 950-29-79,1961-05-23
Тарас Царенко,bhydenkoiosyp@nav4it.org,"сквер Бучми, буд. 34, Сміла, 35111",+380 45 897 85 15,1969-08-27
Фаренюк Марина Ярославівна,zakharenkonataliia@ukr.net,"проспект Шефська, буд. 926 кв. 37, Гайворон, 93593",+380 40 591 00 73,1973-06-20
пан Герман Нестайко,mvanchenko@ukr.net,"площа Виноградна 3-тя, буд. 707, Добромиль, 70969",011 968-43-54,1998-12-18
Клавдія Скорик,uivanychuk@ukr.net,"площа Ізмаїльська, буд. 482, Південне, 32949",+380 (56) 845-51-62,1970-04-29
пані Ада Бездітко,gzhytskahalyna@nav4it.org,"проспект Штурвальна, буд. 1 кв. 768, Подільськ, 01212",249-31-12,1998-08-27
Степан Швачка,nvasylashko@nav4it.org,"набережна Манежний, буд. 476 кв. 0, Дніпро, 27996",+380 63 614-30-89,1982-12-18
Мирослав Асаула,davydhavrylets@gmail.com,"сквер Елеваторна, буд. 76, Новоселиця, 54535",+380 (47) 760-97-87,1987-05-07
Вадим Шевченко,anzhela96@nav4it.org,"узвіз Дачний, буд. 83, Армянськ, 15340",+380 93 594-44-49,1993-06-18
Петро Євдокименко,ostap01@nav4it.org,"проспект Дмитра Сигаревича, буд. 862 кв. 5, Краматорськ, 65346",+380 (60) 176-18-08,1989-05-18
Євген Корбут,serhii02@nav4it.org,"вулиця Вапняна, буд. 6, Шумськ, 06037",498-92-90,1980-07-06
Златослава Єрмоленко,taraspavlenko@gmail.com,"узвіз Сегедська, буд. 5, Ізяслав, 45712",323 72 87,1960-02-22
Еріка Тимченко,oles04@nav4it.org,"парк 10-та Лінія 6-й ст. Люстдорфської дороги, буд. 671, Середина-Буда, 78519",057 669-75-05,1965-06-22
Варвара Гупало,hrechkoodarka@nav4it.org,"набережна Проїзний 2-й, буд. 236, Бердичів, 49598",+380 00 555 03 44,1967-02-09
Пармен Деревʼянко,derhachsymon@gmail.com,"узвіз Скляна, буд. 45 кв. 38, Дніпро, 66535",+380 04 940 48 44,1973-03-11
Станіслав Зарудний,banduramarta@ukr.net,"набережна Ботанічний, буд. 78 кв. 043, Жовква, 44644",+380 47 612-61-23,1983-01-10
Богуслав Іщенко,hordii69@nav4it.org,"проспект Театральний, буд. 1 кв. 2, Жданівка, 57095",+380 (22) 560-57-16,1983-02-12
Володимира Дерегус,shovkopliasoleksandr@ukr.net,"площа Чорноморський, буд. 46 кв. 9, Світлодарськ, 93737",451 72 34,1967-04-08
Олена Петрик,zsamoilenko@nav4it.org,"парк Історія Футболу, буд. 26 кв. 00, Приморськ, 48979",+380 29 713 57 32,1980-02-26
Омелян Рак,khmaratrokhym@gmail.com,"узвіз Героїв Зміїного, буд. 755, Копичинці, 14637",019 448-60-55,1969-03-05
Мартин Адамчук,stsiupa@nav4it.org,"проспект Липнева, буд. 645 кв. 977, Павлоград, 35520",006 370 44 85,1982-12-02
Ганна Єфименко,roksolanabashpolchenko@ukr.net,"вулиця Молокова, буд. 5, Кам'янка-Бузька, 12844",052 249 69 21,1976-12-29
Орина Яремчук,ivan72@nav4it.org,"провулок Заводська 4-та, буд. 279 кв. 46, Бережани, 95636",+380 43 181-57-53,1978-10-23
Марія Черненко,irynashamrai@nav4it.org,"шосе Естонська, буд. 054 кв. 5, Дніпро, 95148",+380 (67) 584-10-36,1962-09-13
панна Наталія Рудик,odanko@gmail.com,"набережна Наклонна, буд. 31 кв. 67, Турка, 11522",+380 82 371 39 88,1996-01-20
Віолетта Оніщук,tymofiivdovychenko@ukr.net,"провулок Ватманський, буд. 7, Бунге, 59579",+380 18 747-51-52,1967-07-14
Юстина Олійник,andriiopanasenko@gmail.com,"парк Об'їзна дорога, буд. 639 кв. 4, Монастириська, 23110",263 06 78,1979-07-26
Амалія Засенко,serhiivalenko@ukr.net,"вулиця Фабрична, буд. 172, Зборів, 19001",104 74 01,1972-08-09
пан Мирон Авраменко,zinkevychhavrylo@gmail.com,"парк Морехідна, буд. 4 кв. 330, Монастирище, 36027",+380 (64) 307-71-12,2004-07-25
Станіслав Яременко,iaroslava43@gmail.com,"парк 11-та Лінія Марії Демченко, буд. 954 кв. 6, Приморськ, 37235",+380 52 079-17-85,1996-09-13
Антон Арсенич,artemshelest@nav4it.org,"узвіз Алмазна, буд. 3, Теплодар, 03565",471-29-94,2006-01-22
Маруся Фаренюк,iukhym24@gmail.com,"проспект Заводська 3-тя, буд. 4, Вараш, 10001",+380 (03) 662-47-64,1981-07-17
Герман Щербань,prytulaomelian@gmail.com,"сквер Успенський, буд. 9 кв. 07, Шахтарськ, 93063",038 239 20 94,1959-12-16
Амалія Батуринець,lkolesnychenko@nav4it.org,"узвіз Друга, буд. 5, Кривий Ріг, 67204",+380 (34) 071-78-58,2004-09-19
Зорян Артимишин,solomonarkhypenko@gmail.com,"площа Квітки-Основ’яненка, буд. 36, Українськ, 88571",035 087 17 08,1995-11-23
Теодор Євтушенко,opanas65@ukr.net,"площа Запорізька, буд. 58 кв. 76, Бунге, 12376",040 00 94,2001-11-01
добродій Симон Ємець,artiukhvalentyna@nav4it.org,"вулиця Велика Садова, буд. 6, Дубровиця, 53000",+380 (15) 424-11-81,1960-08-09
Ярослава Скиба,ichumak@ukr.net,"провулок Виноградна 1-ша, буд. 547, Хотин, 12208",544-43-91,1991-06-15
Степан Колісниченко,leonid29@nav4it.org,"шосе Академіка Векслера, буд. 60, Вільногірськ, 80690",042-23-37,1982-05-12
Шаповал Дан Яремович,tnesterenko@ukr.net,"шосе Болградська, буд. 695, Рудки, 48373",+380 (62) 314-04-87,1966-03-16
Анжела Андрійчук,taras09@nav4it.org,"провулок Кустанайська, буд. 60, Рогатин, 27180",+380 (35) 177-94-17,2007-04-23
Алла Бабій,liubov40@ukr.net,"площа Політкаторжан, буд. 3, Ізмаїл, 98974",+380 (36) 109-25-82,1995-03-24
Аніта Власюк,omelianhavrysh@gmail.com,"сквер Бориса Кифоренка, буд. 167 кв. 17, Вараш, 97982",053 926 40 16,1999-01-27
Єва Яценко,tiahnybokievhen@nav4it.org,"площа Новощіпний ряд, буд. 5 кв. 18, Хмільник, 60045",079-09-58,1981-05-25
Єлисей Тимчук,jsymonenko@ukr.net,"набережна Бориса Дерев'янка, буд. 892, Обухів, 53807",+380 77 288-16-90,2004-05-10
Марʼяна Шведченко,bohdanhuzenko@ukr.net,"шосе Десята, буд. 5 кв. 3, Хоростків, 66587",+380 30 004-09-81,1979-05-02
Лукʼян Запорожець,uzabarnyi@nav4it.org,"шосе Вершинна, буд. 244, Покров, 98155",+380 97 610-74-53,1967-07-05
Кирило Іващенко,zavramchuk@nav4it.org,"набережна Географічний, буд. 3, Ямпіль, 41070",166-22-77,1979-08-17
Михайло Швачка,oksanafastenko@ukr.net,"проспект Пісочний, буд. 275 кв. 26, Бахмут, 71511",+380 (60) 322-22-07,1961-08-22
Розалія Гавриленко,tkachievhen@ukr.net,"провулок Рівності 2-й, буд. 7 кв. 04, Городня, 51295",+380 09 069 31 43,1972-07-17
пані Алла Свириденко,shevchenkorozaliia@ukr.net,"провулок Незалежності, буд. 3 кв. 0, Зміїв, 10795",339-75-94,1993-08-12
пан Варфоломій Лавренко,nehodahavrylo@nav4it.org,"сквер Кавказький, буд. 545 кв. 266, Славутич, 96068",+380 08 902-02-27,1989-11-26
пані Емілія Затула,petro03@nav4it.org,"узвіз Різдвяна, буд. 8, Олександрівськ, 03851",037-23-29,1962-05-01
Червоненко Любов Семенівна,stanislaviurchuk@ukr.net,"проспект Вчительської, 2-й, буд. 27 кв. 615, Тернопіль, 86734",975 74 61,1961-07-18
Варвара Рева,bbevz@nav4it.org,"проспект Миколи Савича, буд. 24, Гуляйполе, 25846",+380 27 795-09-92,1987-05-31
Франц Токар,asvyrydenko@gmail.com,"площа Чорничний, буд. 6, Яремче, 15888",829 25 82,1961-01-23
Богданна Вакарчук,ievhen96@ukr.net,"сквер Каштанова, буд. 874 кв. 385, Ялта, 56394",+380 72 430-96-84,2004-03-27
Емілія Чміль,hvivcharenko@ukr.net,"набережна В’ячеслава Чорновола, буд. 57 кв. 00, Тараща, 49366",077 953-17-99,1973-12-26
Емілія Гоголь,semenavdieienko@nav4it.org,"вулиця Камишова, буд. 688 кв. 160, Вишневе, 57082",041 566 27 44,1992-09-11
Пріска Сімашкевич,korbutomelian@nav4it.org,"набережна Десята, буд. 3, Алчевськ, 26831",+380 84 797-90-34,1972-10-12
Феофан Жук,myroslav77@nav4it.org,"парк Коцюбинського, буд. 622, Олешки, 15436",059 769-61-41,1980-01-13
Ярослава Іщак,okhrim71@gmail.com,"площа Наявний 6-й, буд. 046 кв. 0, Шепетівка, 24466",296-19-59,2004-06-11
Юстим Юрчук,schmil@ukr.net,"провулок Кришталева, буд. 66, Белз, 55280",675 38 38,1974-07-31
Симон Ляшко,larysa74@nav4it.org,"сквер Регенсбург, буд. 6 кв. 04, Бахчисарай, 79242",+380 91 985 06 75,1970-01-27
Гліб Бабич,nikoliukvadym@ukr.net,"провулок Пастера, буд. 8, Новоукраїнка, 88006",677-11-94,2006-10-07
Пармен Фаренюк,akonoplenko@nav4it.org,"парк Жаботинського, буд. 5 кв. 5, Снятин, 93269",516-84-73,1991-03-02
Олександр Абрамчук,havrylo90@ukr.net,"площа Херсонський сквер, буд. 4, Болград, 32936",777-76-73,1971-07-21
Єлисавета Андрощук,pylyp52@nav4it.org,"вулиця 9-та Лінія Дачі Ковалевського, буд. 57 кв. 240, Снігурівка, 21894",+380 (66) 507-25-21,1962-09-22
пан Климент Лазаренко,vyshniakihor@ukr.net,"сквер Дубова, буд. 30 кв. 4, Попасна, 79912",012 707 62 71,1984-11-09
Тетяна Луценко,chekaliukvioletta@nav4it.org,"проспект Варненська, буд. 824, Феодосія, 11757",050 35 87,1973-06-27
Станіслав Непорожній,iaremenkoaaron@nav4it.org,"провулок Польська, буд. 318 кв. 755, Хрустальний, 71401",093 629 82 53,1967-01-09
Оксана Лагода,milenapryimak@ukr.net,"площа 8-ма Лінія 6-й ст. Люстдорфської дороги, буд. 636, Вишневе, 07730",+380 (68) 505-62-46,1966-06-21
Святослав Засуха,spassomko@nav4it.org,"парк Олександра Болдирєва, буд. 3 кв. 2, Умань, 66102",+380 (17) 130-79-46,1991-01-09
Ярослав Шевченко,stetsanastasiia@gmail.com,"вулиця Машинобудівний, буд. 646, Дубляни, 02752",+380 (40) 556-52-55,1981-09-13
Пантелеймон Євтушок,amaliia48@ukr.net,"парк Платанова, буд. 454, Путивль, 78812",027 166-95-57,1983-08-18
Демʼян Перебийніс,skorykspas@ukr.net,"площа Чорноморський 5-й, буд. 6 кв. 141, Монастирище, 30249",015 944 73 52,2000-04-03
Тереза Засенко,makarprotsenko@gmail.com,"провулок Адміральський, буд. 2, Скадовськ, 03596",+380 (02) 740-62-46,2006-05-22
Галина Дрозденко,tdanyliuk@gmail.com,"набережна Саймона Літмана, буд. 723 кв. 4, Білогірськ, 19165",+380 (67) 674-06-91,2007-04-13
пані Лариса Фартушняк,galaganpetro@gmail.com,"парк Маланова, буд. 716, Іловайськ, 03025",+380 34 441 79 03,1961-04-28
Амалія Лупій,cherinkozorian@nav4it.org,"набережна Максима Чайки, буд. 757 кв. 10, Гадяч, 35446",+380 54 835 16 81,1973-08-22
Софія Фурс,valerii76@nav4it.org,"проспект Мазепи Івана, буд. 06, Приморськ, 95625",128-99-66,1996-12-22
Гавриш Камілла Макарівна,kolesnychenkohlib@gmail.com,"сквер Ф. Пішеніна, буд. 811 кв. 07, Знам'янка, 16478",005 915 90 56,1970-06-03
Тетяна Вакарчук,abramenkoprokhir@gmail.com,"провулок Леся Курбаса, буд. 4, Феодосія, 01468",+380 35 724 13 54,1980-05-21
Ілля Арсенич,stefantytarenko@ukr.net,"провулок Колективний, буд. 9 кв. 643, Щастя, 26640",020 831-02-01,1998-06-21
Стефан Удовиченко,oleksavlasenko@gmail.com,"набережна Гайова, буд. 87, Чуднів, 17772",083 434-30-69,1990-09-02
Петлюра Семен Єфремович,leontii37@ukr.net,"сквер 14-та Лінія 6-й ст. Люстдорфської дороги, буд. 5 кв. 2, Чистякове, 77688",122-41-71,2004-02-26
Леопольд Дубина,pylyp77@nav4it.org,"проспект Санаторний, буд. 9 кв. 7, Гнівань, 27177",+380 59 047-56-82,1976-07-27
пані Аліна Бабариченко,orysia47@ukr.net,"проспект Карантинна, буд. 419, Яворів, 60079",+380 35 531-44-55,1970-03-16
Святослава Алексеєнко,les87@ukr.net,"проспект Гілельса, буд. 010 кв. 0, Костопіль, 17410",317-78-98,1971-10-23
Світлана Шовкопляс,dakhnostepan@gmail.com,"площа Ватманський, буд. 7, Лисичанськ, 98881",007 129-68-77,2002-04-07
Емілія Хорішко,veniiamynzaika@gmail.com,"набережна Перша, буд. 534, Берегове, 38589",482-50-69,1968-12-02
Анжела Худобʼяк,iarynakhrystenko@ukr.net,"набережна Басейний 1-й, буд. 470 кв. 912, Кропивницький, 59138",611-45-60,2000-03-16
Владислав Алексюк,vskyba@ukr.net,"проспект Листяна, буд. 40 кв. 50, Рогатин, 41188",000 589-73-76,1992-11-20
Геннадій Заїка,nruban@nav4it.org,"шосе Училищна, буд. 8, Золотоноша, 90145",094 909-23-47,1964-10-29
пані Галина Чарниш,danyloieromenko@gmail.com,"площа Монгольська, буд. 746, Винники, 96513",704 32 05,1975-04-06
Людмила Лисенко,roksolana03@gmail.com,"провулок Західний 3-й, буд. 7 кв. 782, Прип'ять, 03569",+380 (45) 006-01-57,1998-12-11
Вітер Едита Русланівна,veresmarusia@nav4it.org,"шосе Нафтовиків, буд. 262, Сміла, 28510",021 563 73 02,1960-02-20
Чуприна Аарон Гордійович,stepanbandura@gmail.com,"площа Мукачівський, буд. 998, Черкаси, 54142",224 96 92,1967-06-14
Гузенко Анастасія Данівна,havryletskhoma@ukr.net,"провулок Братів Малакових, буд. 54 кв. 01, Феодосія, 58806",+380 13 093-98-92,1993-02-25
Марʼяна Уманець,ada14@gmail.com,"вулиця Шостої 1-й, буд. 48 кв. 474, Очаків, 23535",015 953-30-65,1972-11-16
Ігнат Ковалюк,hlibturkalo@ukr.net,"сквер Середня, буд. 6, Заставна, 62820",958 46 92,1975-12-01
пані Ірина Штокало,rbalaban@gmail.com,"сквер Матроський, буд. 704 кв. 80, Ананьїв, 65662",+380 71 068-78-83,1990-02-12
Лукʼян Черінько,spaspryimak@nav4it.org,"провулок Молоді, буд. 95 кв. 8, Волочиськ, 21560",+380 99 886 59 13,1992-02-08
Еріка Журба,ebaranyk@nav4it.org,"проспект Скляний 1-й, буд. 606, Ніжин, 81893",048 738 46 31,1967-12-24
Борис Сагаль,mykhailyna44@nav4it.org,"парк Професора Коровицького, буд. 50, Заводське, 16218",916-80-79,1976-10-23
Емілія Петлюра,danylenkovalentyn@nav4it.org,"парк Грушева, буд. 250, Вовчанськ, 80346",087 039 54 61,1965-11-17
Богуслава Хомик,stefanvitruk@ukr.net,"вулиця Балтський 3-й, буд. 78 кв. 9, Знам'янка, 95435",+380 (57) 444-28-75,1976-12-13
Юстина Єфименко,zakharbabiuk@gmail.com,"парк Лінія 44-та, буд. 72, Охтирка, 37234",+380 24 685-89-85,2000-09-19
Євген Іващенко,olenaisaienko@ukr.net,"провулок Шкільний аеродром, буд. 543, Барвінкове, 72562",865 24 92,1980-11-16
пан Нестор Іванченко,valeriiilienko@nav4it.org,"сквер Чорноморський, буд. 09 кв. 0, Куп'янськ, 52035",+380 (76) 566-39-50,1986-12-27
Єлисей Свириденко,shmorhunarsen@gmail.com,"шосе Академічна, буд. 254, Берестечко, 51994",+380 10 805 94 49,1982-03-17
Феофан Яковенко,rostyslav78@ukr.net,"вулиця Добровольців, буд. 152, Новоазовськ, 61244",084 257-96-36,1972-10-15
Ада Іщак,shcherbakpavlo@ukr.net,"провулок Бузковий 1-й, буд. 0, Горішні Плавні, 20340",+380 63 726-60-64,1987-12-15
Костянтин Семенченко,edyta85@ukr.net,"шосе Каркашадзе, буд. 3 кв. 204, Моршин, 57707",444-59-52,1960-01-14
Михайло Вишиваний,fartushniakleopold@ukr.net,"провулок Світанку, буд. 5, Черкаси, 13120",059 76 43,1990-04-26
Климент Гаєвський,vasylenkoboleslav@ukr.net,"провулок Миколи Бажана, буд. 6 кв. 04, Новоукраїнка, 87863",079 819-96-12,1959-07-28
Ростислав Іщенко,idavymuka@gmail.com,"парк 15-та ст. Великого Фонтану пляж, буд. 650 кв. 8, Вугледар, 66156",813 01 65,2003-07-13
пан Лесь Нестайко,kostiantynbabii@nav4it.org,"площа Олександра Богомольця, буд. 93, Дніпро, 31547",030 643-33-81,1991-10-22
Христина Базилевська,nsalii@gmail.com,"вулиця Наявний 2-й, буд. 618 кв. 702, Новогродівка, 10242",839 92 40,1965-08-22
Оксана Макаренко,ivan29@gmail.com,"вулиця 15-та Лінія 6-й ст. Люстдорфської дороги, буд. 01 кв. 486, Хмільник, 89786",+380 83 499-27-52,1991-02-05
Асаула Назар Хомович,hermanbezditko@nav4it.org,"провулок Кастуся Калиновського, буд. 4, Берегове, 87836",859 60 55,1980-05-26
пані Камілла Доценко,shvachkosnizhana@ukr.net,"провулок Бузковий 2-й, буд. 49 кв. 9, Коростень, 29211",+380 11 920-83-58,2006-09-04
Йосип Аврамчук,demyd19@gmail.com,"проспект Івахненка Петра, буд. 9 кв. 767, Апостолове, 58943",400-41-92,1997-09-10
Василина Гоголь,bzubko@ukr.net,"узвіз Сашка Хорошенка, буд. 1 кв. 0, Яготин, 95782",+380 79 560-77-64,1983-03-07
Остап Нестайко,llupii@gmail.com,"сквер Кришталева, буд. 2, Нова Каховка, 81859",+380 79 725 16 43,1965-07-22
Вʼячеслав Зубко,solomiiademianiuk@nav4it.org,"провулок Житомирська, буд. 20 кв. 8, Куп'янськ, 54776",+380 (38) 935-72-92,1999-09-25
добродій Гаврило Затовканюк,ubandurka@ukr.net,"провулок Побратимів, буд. 051, Середина-Буда, 06559",079 685 35 22,1976-03-16
Алевтин Безбородько,myroslavandriishyn@gmail.com,"провулок Угорська, буд. 914, Дніпро, 28076",805-46-72,2004-02-13
Ярослав Гаврилишин,emiliia86@ukr.net,"набережна Кривобалківська, буд. 8 кв. 42, Вишгород, 17523",460 67 48,1979-03-23
Ліза Чубай,zynovii58@nav4it.org,"сквер Рівності, буд. 828, Богодухів, 70438",709 42 36,1993-06-29
Оксана Носаченко,svasylevych@ukr.net,"проспект Хаджибейський, буд. 169, Ровеньки, 37959",800-91-36,1966-11-18
Лілія Верменич,pshylo@ukr.net,"вулиця Климовича, буд. 738, Вашківці, 03131",+380 61 020 57 55,2001-02-21
пані Сніжана Колісниченко,tsisykhalyna@nav4it.org,"проспект Восьмого березня, буд. 55, Сторожинець, 39083",+380 (77) 203-04-96,1970-06-11
пані Тетяна Єрмоленко,romanilchenko@gmail.com,"проспект Новосельского, буд. 27 кв. 85, Маріуполь, 94769",+380 52 905-38-34,1992-08-21
Станіслав Корпанюк,ihororlyk@nav4it.org,"шосе Тупиковий 1-й, буд. 176, Ровеньки, 70925",+380 84 896-25-66,1970-07-02
Михайло Гаврилюк,amvrosiidarahan@ukr.net,"узвіз 7-ма Лінія 6-й ст. Люстдорфської дороги, буд. 7 кв. 558, Дубровиця, 99135",035 737 61 56,1973-04-23
Зиновій Рябовіл,leonid59@nav4it.org,"шосе Високий, буд. 436, Овруч, 17542",065 994-46-36,1984-08-01
Зорян Негода,pzasukha@gmail.com,"набережна Мелітопольська, буд. 89, Старобільськ, 59900",+380 (26) 331-05-40,1986-12-23
Василина Гаврилюк,hanna36@ukr.net,"площа Мала Арнаутська, буд. 950, Джанкой, 57143",+380 23 844 60 29,2001-06-22
Ігор Удовиченко,sviatoslavvermenych@ukr.net,"узвіз Травневий 3-й, буд. 120 кв. 60, Щолкіне, 92267",+380 (14) 551-40-92,2005-11-02
Оксенія Тягнибок,lemeshkospas@ukr.net,"проспект Сухолиманна, буд. 5 кв. 814, Калуш, 44744",963 61 20,1989-08-02
Ярина Василевич,adamchukiaroslava@ukr.net,"провулок Тіниста, буд. 775 кв. 326, Фастів, 55432",870 97 73,1970-07-19
Олесь Абраменко,vadymhres@ukr.net,"вулиця Давида Бурлюка, буд. 47, Теребовля, 22088",+380 80 296 05 31,1975-04-12
панна Ганна Литвиненко,haidairostyslav@nav4it.org,"проспект Тупиковий, буд. 0, Бахмут, 08923",898-21-01,2003-01-12
Анастасія Петренко,irynaartiukh@gmail.com,"проспект Ф. Пішеніна, буд. 5 кв. 9, Зборів, 16055",+380 86 761 98 25,2000-04-23
Мілена Верес,ostapiemets@ukr.net,"сквер Олександра Станкова, буд. 079, Зимогір'я, 63613",004 814-23-66,1967-01-25
Алевтин Вернидуб,iesypenkoada@nav4it.org,"узвіз Героїв прикордонників, буд. 327, Путивль, 09107",+380 55 305 90 17,2002-01-19
Ростислав Прокопович,mykhailopalii@gmail.com,"проспект Гвоздичний, буд. 1, Вознесенівка, 36438",+380 93 322 58 81,1999-07-28
Ольга Баранник,bohuslava50@ukr.net,"провулок Тепличний 2-й, буд. 0, Петрово-Красносілля, 13292",+380 92 223 93 59,1981-03-16
Федір Акименко,iakivbabiichuk@nav4it.org,"сквер Зої Пасічної, буд. 589 кв. 038, Антрацит, 94813",+380 (02) 851-47-54,1978-03-20
Богданна Негода,ybabenko@ukr.net,"шосе Незалежності, буд. 07 кв. 654, Ворожба, 82180",+380 (50) 522-80-10,1977-08-18
Остап Дубина,sviatoslav87@ukr.net,"площа Луцька, буд. 51, Вашківці, 58979",+380 09 928-84-64,1973-01-26
Анжела Оліфіренко,levkooberemko@ukr.net,"парк Сергія Ядова, буд. 65, Яремче, 12379",+380 28 394-47-96,2000-03-27
Орхип Шведченко,aostapchuk@nav4it.org,"узвіз Садовий, буд. 201 кв. 43, Хотин, 15775",323 97 31,1973-02-13
Сніжана Яременко,ievakomar@gmail.com,"набережна Василя Фащенка, буд. 218, Зеленодольськ, 54037",563-58-43,1961-06-15
Борислав Сімашкевич,adamfareniuk@nav4it.org,"площа Аграрна, буд. 81 кв. 115, Лубни, 51301",475-62-22,1994-11-18
Оксана Стельмах,oadamenko@ukr.net,"площа Хвиляста, буд. 31, Золотоноша, 02993",083-05-93,1969-05-13
Ада Чередник,danyloumanets@gmail.com,"провулок Миколаївський 1-й, буд. 21, Деражня, 21018",486-40-12,1974-06-10
Вікторія Бевз,chumakvioletta@nav4it.org,"сквер Лінія 42-га, буд. 44 кв. 1, Люботин, 62804",129 43 58,1980-03-14
Жайворон Ярема Симонович,martyn03@nav4it.org,"проспект Прокатна, буд. 7 кв. 242, Кривий Ріг, 45004",019 59 37,1960-05-19
Тимофій Данько,semen69@ukr.net,"провулок Рішельєвська, буд. 8 кв. 70, Почаїв, 87013",082 915-41-69,1966-03-16
Орина Баранець,stuspylyp@nav4it.org,"сквер Одеса-Головна, буд. 25 кв. 62, Луцьк, 97272",344 49 69,1998-05-11
Анастасія Іщенко,cdeineka@ukr.net,"провулок Юннатів, буд. 6, Жмеринка, 54535",223 26 18,1972-12-25
Гордій Батіг,hsmyk@gmail.com,"вулиця Соляний 2-й, буд. 990, Ківерці, 11953",+380 29 300-60-75,1993-02-14
Симон Михайличенко,khorishkoamvrosii@gmail.com,"вулиця Курортний, буд. 712 кв. 76, Генічеськ, 59766",+380 (87) 064-50-82,1971-03-20
Юхим Хомик,bohuslavpelekh@ukr.net,"парк Глаубермана, буд. 0, Ніжин, 46988",+380 68 636-75-48,1998-01-16
Тетяна Василевич,diakovenko@nav4it.org,"узвіз Миколаївська дорога, буд. 35, Харків, 78494",+380 36 717 32 58,2005-03-10
добродій Костянтин Малишко,vashchenkoprokhir@gmail.com,"шосе Офіцерський 1-й, буд. 2, Чугуїв, 46215",076 911-51-18,1988-11-01
пан Леон Ірванець,gbaidak@nav4it.org,"шосе Купріна, буд. 283, Монастирище, 02195",+380 60 214-20-27,1979-05-20
Амвросій Канівець,kabanenkoalla@gmail.com,"площа Басейний 6-й, буд. 828 кв. 77, Одеса, 49546",037 412-98-26,1973-03-06
Марта Адамчук,wprymachenko@ukr.net,"вулиця Наявний 4-й, буд. 57, Баштанка, 16585",030 509 76 80,1964-12-07
Геннадій Устенко,bohuslavaiaremenko@ukr.net,"сквер Кришталева, буд. 548, Любомль, 93177",+380 20 291 00 82,2001-09-16
Галина Івасюк,trokhymiakovenko@ukr.net,"провулок Манежна, буд. 2 кв. 089, Сторожинець, 08680",+380 (64) 673-42-10,1992-08-17
Яків Журба,hlavrenko@ukr.net,"проспект Училищна, буд. 47 кв. 3, Полтава, 87927",+380 93 585 64 61,1963-10-04
Марія Тиха,frants75@ukr.net,"проспект Сергія Ейзенштейна, буд. 1, Васильків, 03321",734-54-68,1959-10-17
Оксенія Конопленко,lutsenkohennadii@gmail.com,"парк Миколи Міхновського, буд. 11 кв. 56, Балаклія, 25702",634 39 06,1962-04-25
Пріска Александренко,zinchukpriska@gmail.com,"площа Республіканська, буд. 0, Хоростків, 81636",034 836-72-67,1976-02-09
Олесь Оберемко,zaleksandrenko@nav4it.org,"сквер Лиманчик 2-й Лінія 8-ма, буд. 75, Барвінкове, 35835",005 302-28-39,1976-01-28
Наталія Ковалюк,artem30@ukr.net,"набережна Заводська 1-ша, буд. 064, Ланівці, 76541",+380 75 681-46-39,1998-01-22
Мілена Кибкало,lahodaielysaveta@nav4it.org,"провулок Олександра Кутузакія, буд. 890 кв. 3, Корюківка, 26472",416-67-08,1961-02-21
Арсенич Тарас Азарович,wishchak@ukr.net,"вулиця Мельницька, буд. 7, Мар'їнка, 62607",+380 83 096 47 04,1988-09-18
Роксолана Полтавець,cdanyliuk@nav4it.org,"проспект Музична, буд. 2 кв. 0, Чорноморськ, 83983",010 060 17 52,2002-05-05
Руслан Бакуменко,zakusylolarysa@nav4it.org,"провулок Лінійна, буд. 6, Євпаторія, 48258",071 158 98 03,1959-12-29
Роксолана Зінченко,fprytula@nav4it.org,"парк Кавунова, буд. 628 кв. 5, Тульчин, 68481",+380 56 191-26-51,1964-03-05
Соломія Лагода,khoma53@ukr.net,"сквер Михайла Жука, буд. 2, Златопіль, 37952",+380 (65) 443-95-68,1976-05-19
Юхим Корпанюк,medvedenkoparmen@gmail.com,"парк Кавказька, буд. 109 кв. 487, Очаків, 13195",+380 82 111 48 73,1998-04-23
пані Розалія Шутько,shabliipanteleimon@ukr.net,"узвіз Мостовий, буд. 990 кв. 00, Бахмач, 30692",+380 (80) 054-79-95,1979-04-11
Богодар Гаврилишин,miroshnychenkomariana@ukr.net,"сквер Мельницька, буд. 4, Бахмут, 68537",+380 09 584-49-39,1992-03-13
Єва Шевченко,ievdokymenkoveniiamyn@ukr.net,"сквер Карантинний узвіз, буд. 60, Роздільна, 55124",+380 78 913-10-00,1977-12-27
Вобла Юстина Борисівна,bohdan39@gmail.com,"набережна Чорноморський 7-й, буд. 0, Очаків, 01863",054 600-32-72,1983-08-23
пан Василь Гуцуляк,umalyk@ukr.net,"шосе Прохоровський, буд. 51 кв. 1, Боярка, 96319",022 327-55-26,1972-05-23
Симон Алексеєнко,yderkach@gmail.com,"площа Бітумна, буд. 825 кв. 18, Ясинувата, 80718",+380 09 776-06-83,1991-03-14
Вʼячеслав Негода,aarontereshchenko@nav4it.org,"парк Іподромний, буд. 9, Новогродівка, 78346",035 37 20,1996-09-15
Борислав Онищенко,emiliiadakhno@ukr.net,"площа Ювілейний 1-й, буд. 465 кв. 9, Пологи, 30471",074 459 08 07,1985-08-12
Емілія Самойленко,arsenychvladyslav@nav4it.org,"провулок Панаса Мирного, буд. 95, Березівка, 88969",405-94-40,1998-07-02
Ілля Чумак,nataliia81@nav4it.org,"шосе Шевченка парк, буд. 206 кв. 1, Ромни, 84551",010 537-79-11,1994-07-02
Алла Франко,mykhailobabiuk@nav4it.org,"шосе Ігоря Бедзая, буд. 97, Луганськ, 94519",+380 36 754-05-02,1968-02-24
Чаленко Тарас Олегович,atroshchenkoavrelii@nav4it.org,"вулиця Аеродромний 3-й, буд. 8 кв. 0, Миколаїв, 34844",596-94-01,1988-01-19
Євген Шинкаренко,opanas71@ukr.net,"вулиця Давида Ойстраха, буд. 93, Новодністровськ, 93840",+380 63 879-02-55,2004-09-05
Артем Дубенко,lytvyntymofii@nav4it.org,"провулок Бригадна, буд. 57, Турка, 19323",026 691 18 71,1997-01-04
Охрім Їжак,okseniiatymchuk@gmail.com,"проспект Дальня, буд. 6 кв. 47, Куп'янськ, 63520",044 607-12-43,2007-05-17
Цушко Аарон Трохимович,prytulanadiia@nav4it.org,"провулок 6-та Лінія Марії Демченко, буд. 22 кв. 94, Чоп, 33462",190-69-32,1977-11-20
пан Веніямин Петренко,kylymnykoleh@ukr.net,"проспект Овідіопольський, буд. 04 кв. 0, Буринь, 05297",+380 23 915-09-25,2003-07-01
Олекса Нестеренко,dzhusalevtyn@gmail.com,"площа Стельмаха, буд. 274, Рахів, 54957",+380 78 828-60-23,1986-02-11
Герман Ґжицький,simashkevycholena@nav4it.org,"сквер Ігоря Кисельова, буд. 849, Лутугине, 50459",020 729-10-06,2000-09-08
Ірина Гаврилець,dmytrobhydenko@nav4it.org,"набережна Підйомний, буд. 84 кв. 64, Нікополь, 13758",+380 (36) 451-79-45,1968-10-05
Віолетта Бабʼюк,zorianbandera@gmail.com,"площа Родоканакі, буд. 14, Васильків, 98943",+380 (71) 238-87-80,1983-11-13
Ліза Годунок,zaikaanzhela@nav4it.org,"сквер Бахчева, буд. 850, Ровеньки, 45490",+380 (77) 340-60-69,1996-09-28
Симон Дзиндра,trokhymbevz@nav4it.org,"вулиця Дюківська, буд. 54, Берестин, 31588",+380 37 219-21-60,1986-01-03
Мілена Ісаєвич,shyianodarka@ukr.net,"набережна Газовий, буд. 193 кв. 8, Бровари, 43826",+380 58 762-04-25,2006-06-07
Єлисавета Дейнеко,frantsishchenko@ukr.net,"вулиця 2-й Академічний тупик, буд. 76 кв. 5, Богуслав, 70862",474 73 65,1963-05-30
Святослава Радченко,khoma36@nav4it.org,"парк Мазепи Івана, буд. 1 кв. 422, Моршин, 23799",+380 03 445 58 13,1994-11-05
Августин Макогон,rvashchuk@ukr.net,"вулиця Василя Кандинського 3-й, буд. 6 кв. 7, Бібрка, 72525",572 58 40,1983-11-19
пані Роксолана Гриценко,bohodar48@nav4it.org,"набережна Керченський 1-й, буд. 53 кв. 2, Апостолове, 02272",+380 (68) 385-62-67,1974-07-06
Едита Верхола,adamievdokymenko@nav4it.org,"узвіз Горизонтальна, буд. 90, Волноваха, 99511",+380 30 090 51 28,1968-06-18
Святослава Вергун,ytaran@ukr.net,"сквер Складська, буд. 302, Вилкове, 91903",+380 (47) 957-04-40,1999-04-07
Георгій Нестеренко,ievhen51@ukr.net,"шосе Восьмого березня 2-й, буд. 61, Петрово-Красносілля, 86823",873 45 54,1980-08-13
Софія Піддубна,freva@ukr.net,"площа Хімічний 1-й, буд. 334 кв. 166, Керч, 19009",+380 25 298-40-30,1959-07-22
Яків Гузь,chernenkozorian@nav4it.org,"набережна Водопровідний 2-й, буд. 530, Костопіль, 30538",426-56-03,1975-02-26
Валентин Атаманчук,voblyiiryna@gmail.com,"провулок Бейтельсбахера, буд. 54, Вишгород, 29475",+380 (88) 930-94-63,1991-03-30
Рева Олег Веніяминович,omelianzaiets@ukr.net,"набережна Лодочний, буд. 63, Пологи, 56589",+380 38 203 59 73,2001-05-15
Єлисавета Лазаренко,aorobets@gmail.com,"парк Братів Малакових, буд. 8 кв. 05, Снятин, 64971",+380 68 615-86-46,1996-07-24
Лариса Бабій,schaika@nav4it.org,"площа Університетський, буд. 9, Залізне, 18688",303 02 28,1977-03-23
Батюк Дарина Дмитріївна,derehusiakiv@ukr.net,"узвіз Сумська, буд. 15, Кагарлик, 44164",+380 (78) 296-31-29,1979-09-29
Вʼячеслав Архипенко,tverdokhlibamaliia@gmail.com,"площа Донецька, буд. 16, Лисичанськ, 44327",+380 (04) 657-23-41,2003-07-08
Демид Атаманюк,xbalaban@nav4it.org,"сквер Чорноморський 7-й, буд. 58 кв. 0, Кременчук, 36034",+380 96 875 98 37,1976-05-09
Степан Дурдинець,marusiabevz@ukr.net,"площа Деревообробний 4-й, буд. 870 кв. 4, Стрий, 97989",+380 (26) 209-91-75,1978-10-19
Одарка Сірченко,feofanmedvedenko@gmail.com,"шосе Лінійна, буд. 593, Старобільськ, 13085",033 801-27-38,1968-11-06
Христина Гресь,danylenkonestor@nav4it.org,"проспект Рибальська балка, буд. 094 кв. 1, Чуднів, 21988",937-76-71,2003-10-15
Роман Карпенко,teodorhrechko@ukr.net,"набережна Авангардна, буд. 7, Вижниця, 22457",+380 93 656 42 25,1966-02-20
Гліб Швачко,rriabets@ukr.net,"проспект Івана Луценка, буд. 8 кв. 58, Знам'янка, 05055",436 61 74,2003-09-25
Захар Сич,abrahamovskaleopold@nav4it.org,"проспект Хлібна гавань, буд. 25, Болград, 07261",+380 (85) 906-41-03,1993-12-16
Байда Леонтій Федорович,tvitruk@gmail.com,"проспект Капітана Кузнецова, буд. 491 кв. 38, Решетилівка, 36788",+380 (51) 761-83-97,1996-10-06
пані Мілена Чубай,sviatoslavderhach@gmail.com,"узвіз 10-та Лінія 6-й ст. Люстдорфської дороги, буд. 976 кв. 70, Сквира, 55980",+380 (23) 265-12-50,1986-08-15
Амвросій Гаврилів,iukhym44@ukr.net,"вулиця Виноградна, буд. 067, Новодністровськ, 99748",+380 30 672-66-19,1988-02-25
Одарка Ніколюк,semenchenkoostap@gmail.com,"площа Кафедральна, буд. 86 кв. 4, Боково-Хрустальне, 71507",584 39 83,1987-12-21
Тимофій Даньків,gvertyporokh@gmail.com,"набережна Долинська, буд. 46, Хутір-Михайлівський, 61967",+380 53 517-26-94,1964-05-17
пан Павло Товстуха,hunkoiukhym@gmail.com,"узвіз Пересипська 7-ма, буд. 83, Гола Пристань, 17875",+380 37 974-53-98,1966-08-22
Дан Литвин,lukashpriska@gmail.com,"площа Картамишевський, буд. 4 кв. 317, Новогродівка, 96478",+380 65 442-54-23,1964-01-14
Златослава Матвієнко,vasyl50@nav4it.org,"провулок Деревообробна, буд. 09 кв. 77, Зоринськ, 76216",058 91 11,2003-11-08
Кабаненко Ольга Олександрівна,klymentbakumenko@ukr.net,"проспект Висока, буд. 773 кв. 3, Кролевець, 41722",088 164 25 01,1995-01-25
Тетяна Дейнеко,gvernydub@ukr.net,"узвіз Вільгельма Габсбурга, буд. 072 кв. 544, Сквира, 91154",+380 62 881 65 42,1996-10-02
Симон Редько,iefymenkotetiana@ukr.net,"вулиця Князівський, буд. 911 кв. 157, Стрий, 78528",+380 30 854 28 04,1962-03-02
Артем Жайворон,iurchyshynliubov@gmail.com,"шосе Польовий 1-й, буд. 7, Коростень, 10695",+380 79 352-40-98,1963-12-16
Данило Дурдинець,lradchenko@ukr.net,"шосе Новопланівська, буд. 256, Яготин, 37879",+380 (19) 765-21-90,1987-11-23
Валентина Ярема,frantslaba@gmail.com,"шосе Тещин міст, буд. 214 кв. 9, Снігурівка, 84186",004 550-09-74,1965-12-19
Віктор Вишняк,zarudnadavyd@nav4it.org,"узвіз Незамаївська, буд. 007 кв. 285, Бурштин, 36933",+380 (48) 908-15-18,2005-09-25
Вікторія Батюк,iustymkhudiak@ukr.net,"набережна Лавкова, буд. 522, Докучаєвськ, 42302",+380 27 245-38-33,1976-05-07
Богданна Журавель,leontii71@nav4it.org,"набережна Панаса Мирного, буд. 886 кв. 0, Золоте, 61359",+380 76 814 00 56,1960-06-03
Єфрем Масоха,teslenkoiefrem@ukr.net,"набережна Дмитра Годзенка, буд. 7 кв. 74, Полонне, 04738",+380 (45) 636-69-94,1969-07-22
Марія Стельмах,dzasenko@ukr.net,"набережна Суперфосфатна, буд. 943 кв. 5, Кипуче, 42685",053 613-33-67,1974-08-15
Дарина Карпенко,varvarazarudnyi@gmail.com,"провулок Республіканська, буд. 16 кв. 44, Чорноморськ, 20307",+380 (42) 370-44-57,1987-01-09
Богданна Романчук,emiliia12@nav4it.org,"набережна Вишневий, буд. 364 кв. 080, Горішні Плавні, 47983",+380 (90) 967-07-77,2004-07-29
Хома Вівчаренко,galaganleontii@ukr.net,"шосе Закарпатська, буд. 37 кв. 12, Кобеляки, 62585",006 430-72-24,1979-07-03
Ірена Мамчур,myroslav01@gmail.com,"проспект Сортувальна 1-ша, буд. 86, Вознесенськ, 29788",+380 43 259-55-16,2000-04-19
Клавдія Шеремета,oshvaika@gmail.com,"провулок Скидановський узвіз, буд. 510 кв. 9, Умань, 40459",062 747-79-94,1992-06-28
Аврелій Демʼяненко,marta96@ukr.net,"провулок Ветеранів праці, буд. 97 кв. 469, Амвросіївка, 60282",+380 47 220 44 84,2002-11-22
Арсен Салій,stepan65@gmail.com,"сквер Лінія 30-та, буд. 0, Вінниця, 71360",+380 (13) 232-75-51,1964-07-31
Святослава Тиха,zaikairena@gmail.com,"сквер Лузанівський, буд. 91 кв. 1, Покров, 37178",+380 (78) 790-48-02,1975-06-19
пан Мартин Захаренко,pbakumenko@ukr.net,"шосе Одеська, буд. 983, Чугуїв, 69345",007 616 14 67,1987-11-23
Орина Пʼятаченко,baranetsorkhyp@ukr.net,"парк Матроський узвіз, буд. 992 кв. 027, Кропивницький, 45053",126-44-33,2001-08-18
Едуард Цушко,myron11@ukr.net,"парк Авіаторів, буд. 3 кв. 329, Нікополь, 70586",+380 (77) 547-52-79,1990-09-15
Ліза Александренко,gvenhrynovych@nav4it.org,"узвіз Квіткова, буд. 738 кв. 24, Батурин, 07834",010 431 88 93,1963-10-20
Тереза Худобʼяк,alevtyn87@nav4it.org,"шосе Регенсбург, буд. 33, Золотоноша, 74213",+380 23 743-89-90,1959-10-04
Олесь Вдовенко,ashakhrai@nav4it.org,"набережна Віри Інбер, буд. 05, Буринь, 68389",517-08-86,1984-04-23
Бандура Оксенія Тимофіївна,artymyshyndemian@ukr.net,"шосе Деревообробний 3-й, буд. 6, Ковель, 17279",+380 (16) 029-39-85,1979-02-18
Омелян Яремко,odarkabaturynets@nav4it.org,"вулиця Павла Вірського, буд. 3, Ямпіль, 39907",579-64-20,2002-03-30
Рябошапка Христина Демидівна,ustymkolisnychenko@gmail.com,"проспект 1-й Академічний тупик, буд. 99, Чорнобиль, 88894",014 924-86-84,1982-09-26
Марʼяна Стус,baidaksolomon@gmail.com,"парк Китобійна, буд. 93, Рава-Руська, 89226",+380 62 116 07 06,1991-12-30
пан Альберт Чалий,mariana82@gmail.com,"провулок Маланова, буд. 69, Кам'янець-Подільський, 99859",065 854-67-20,1999-10-17
Спас Гаврилюк,ztiahnybok@gmail.com,"набережна Гетьманський, буд. 41, Бориспіль, 57469",074 154-25-10,1985-04-29
пан Юстим Аверченко,tkachenkoboryslav@nav4it.org,"сквер Аркадіївський, буд. 37, Ічня, 33079",879 62 35,1983-03-11
Рубан Емілія Богодарівна,mykytaandriienko@gmail.com,"набережна Балтський 1-й, буд. 98, Єнакієве, 46040",+380 (27) 622-23-25,1982-02-05
Анжела Бебешко,panteleimonbabiak@nav4it.org,"набережна Юхима Фесенка, буд. 6 кв. 799, Мостиська, 47656",+380 03 935-57-63,1992-11-06
Вікторія Колісниченко,disaienko@nav4it.org,"набережна Миколи Савича, буд. 83 кв. 035, Багачеве, 89392",+380 (12) 418-55-77,1984-05-21
Володимира Тимчук,apavlenko@ukr.net,"проспект Маріупольська, буд. 7 кв. 2, Ізяслав, 82925",+380 19 783 43 39,1983-07-13
Пармен Атрощенко,anzhela95@nav4it.org,"сквер Учительський, буд. 27, Жашків, 81885",016-13-29,1999-03-11
Тетяна Іваничук,dankivvalentyna@ukr.net,"проспект Жолкова Бориса, буд. 93 кв. 4, Довжанськ, 42748",581-08-29,1976-11-09
пан Андрій Михалюк,cherednykoleh@ukr.net,"вулиця Цимлянська, буд. 6 кв. 8, Берислав, 64942",+380 47 801-91-89,2005-10-02
Михайлина Заїка,velychkoanastasiia@nav4it.org,"набережна Манежний, буд. 1, Горішні Плавні, 41707",+380 15 328-32-66,1984-12-14
Святослава Сомко,davyd68@nav4it.org,"проспект Олександра Ройтбурда, буд. 67 кв. 01, Ківерці, 21274",662-29-13,2006-03-20
пан Володимир Саченко,aperebyinis@gmail.com,"проспект Климовича, буд. 900, Косів, 99679",754 29 86,1988-03-07
Еріка Приймак,demian19@ukr.net,"шосе Хвойний, буд. 98, Селидове, 29779",284 92 58,1974-09-11
пан Мирослав Бараник,liza80@nav4it.org,"площа Прилуцький, буд. 6, Чигирин, 98992",+380 (44) 943-29-08,1983-06-15
Вовк Ольга Олегівна,chalamarusia@gmail.com,"шосе 3-тя Лінія 4-ї ст. Люстдорфської дороги, буд. 5 кв. 908, Шпола, 03446",004 459 04 77,1984-08-22
Наталія Худяк,goliashbohuslava@gmail.com,"проспект Пересипська 10-та, буд. 88 кв. 4, Вовчанськ, 29543",+380 (83) 701-00-16,1986-10-23
Наталія Рябченко,nsirchenko@ukr.net,"сквер Романтичний, буд. 307, Теребовля, 21917",451-53-15,1965-01-19
Амалія Гаврилюк,spasilchenko@ukr.net,"вулиця Пiвденний, буд. 3, Голубівка, 18698",663 69 80,1968-11-01
Аркадій Ярош,ovakhnii@ukr.net,"сквер Мелодійний, буд. 249, Святогірськ, 95894",+380 86 449-00-46,1984-04-09
Симон Щербань,myroslav89@ukr.net,"узвіз Сосюри, буд. 173 кв. 316, Гнівань, 40999",591 86 45,1980-05-30
Любов Захаренко,darahanliliia@gmail.com,"узвіз 12-та ст. Великого Фонтану пляж, буд. 9 кв. 276, Роздільна, 05587",+380 (41) 684-19-93,1985-03-24
Аркадій Чайка,mhaidabura@nav4it.org,"площа Лиманчик 2-й Лінія 2-га, буд. 1, Ірміно, 65128",684 02 30,1970-02-23
Святослава Фаренюк,petrykvadym@nav4it.org,"площа Дур'янівський, буд. 553 кв. 02, Монастирище, 63448",059 451-12-01,1989-07-08
Камілла Базилевська,davymukaliliia@gmail.com,"проспект Канатний, буд. 968, Прилуки, 40035",099 998-59-07,2006-11-17
Варвара Смик,pavlenkoalla@gmail.com,"узвіз Агрономічна, буд. 846 кв. 6, Миколаїв, 15863",063 615-61-60,1999-05-19
пан Олекса Литвиненко,odarkatarasenko@nav4it.org,"шосе Стеценко, буд. 507 кв. 9, Покров, 46637",+380 18 386-36-80,1967-10-15
Ярема Дзиндра,ieromenkoavhustyn@ukr.net,"площа Поштова, буд. 4, Олександрія, 36411",029 829 50 31,2003-09-28
Марта Кальченко,bohdanna58@ukr.net,"сквер Новоберегова, буд. 0, Винники, 46636",876 42 70,1996-08-10
Демид Шамрай,dkybkalo@ukr.net,"набережна Вапняний 3-й, буд. 04, Новий Розділ, 55098",+380 30 694-39-51,1965-08-28
Вікторія Яременко,stanislav40@nav4it.org,"вулиця Олександра Тимошенка, буд. 25, Звенигородка, 30981",+380 65 012-53-01,1986-12-27
Давид Шило,movsiienko@nav4it.org,"провулок Керченська, буд. 865 кв. 349, Корюківка, 61048",+380 34 497-31-32,1973-01-01
Теодор Конопленко,uriabchenko@gmail.com,"шосе Василя Кандинського, буд. 8 кв. 725, Курахове, 73747",060 854-63-47,1988-05-05
Ігнат Дробаха,bebeshkoliliia@gmail.com,"проспект Крижанівський, буд. 7 кв. 263, Охтирка, 17330",057 447 89 18,1984-11-23
пані Ганна Пилипенко,demyd39@gmail.com,"шосе Польовий 1-й, буд. 15, Городня, 83106",+380 77 673-09-07,2001-09-01
Данило Артюшенко,zkorbut@nav4it.org,"узвіз Стражеска Миколи, буд. 222, Зимогір'я, 55091",066 142 98 13,2003-12-25
Вікторія Безбородько,heorhii79@gmail.com,"проспект Миколи Костомарова, буд. 8 кв. 03, Балта, 13535",+380 55 370 91 23,1986-03-31
Вікторія Комар,arkadiiandriishyn@ukr.net,"вулиця Пiвденний, буд. 58 кв. 77, Горішні Плавні, 76987",075 108-74-77,2005-12-31
Юстим Сацюк,volodymyravashchuk@gmail.com,"сквер Сливова, буд. 875 кв. 722, Бобринець, 80083",024 107 36 30,1971-02-01
пані Дарина Бабʼюк,panas08@nav4it.org,"шосе Дідріхсона, буд. 13, Заліщики, 15645",763 56 07,1990-04-04
Галина Бакуменко,iustym02@nav4it.org,"сквер Листяна, буд. 253, Новоукраїнка, 84576",006 338 45 16,1974-01-29
Богуслава Онищенко,antonsavenko@nav4it.org,"шосе Мерло, буд. 516, Світловодськ, 29145",+380 (45) 821-57-43,1995-10-28
Юстина Малик,fbairak@ukr.net,"проспект Садова 4-та, буд. 0, Харцизьк, 82260",330-62-67,1995-09-25
Василина Бабариченко,viacheslavlavrenko@ukr.net,"парк Осипова, буд. 159, Кіцмань, 47737",+380 (80) 912-93-29,2005-04-16
Орина Валенко,pavloandreiko@nav4it.org,"вулиця Мала Арнаутська, буд. 45, Гнівань, 72175",+380 17 979-36-05,1960-11-13
Соломон Гузь,bkhorishko@ukr.net,"площа Остапа Вишні, буд. 33, Сімферополь, 75143",058 121 50 92,1977-03-27
Ярослава Авраменко,khoma51@ukr.net,"парк Вертелецького, буд. 9 кв. 76, Бережани, 08939",712 85 74,1975-05-20
Перепелиця Нестор Кирилович,solomiia65@gmail.com,"узвіз Йосипа Фішера, буд. 1 кв. 63, Перевальськ, 24595",+380 (52) 905-74-62,2002-04-21
Теодор Іванченко,chumakdemyd@gmail.com,"площа Соляний 6-й, буд. 7 кв. 3, Добропілля, 62966",+380 86 154-74-08,1990-10-23
Голик Ганна Веніяминівна,huziivolodymyr@nav4it.org,"площа Троїцька, буд. 627, Святогірськ, 47807",240-93-61,1991-01-31
Клавдія Данько,markovasylashko@nav4it.org,"набережна Щоглова, буд. 859 кв. 50, Бобровиця, 72751",+380 29 310 69 57,1994-10-29
Богуслава Черненко,ariabets@nav4it.org,"парк Семафорний, буд. 16, Роздільна, 28469",705-77-23,1976-09-01
Теодор Парасюк,lshukhevych@ukr.net,"набережна Заможна, буд. 468, Горлівка, 12912",434 66 33,1978-09-13
пані Клавдія Чарниш,vieresko@nav4it.org,"набережна Лінія 52-га, буд. 383, Южне, 85740",+380 (32) 797-69-32,1975-08-09
Макар Петренко,erikasavenko@nav4it.org,"набережна Балтська дорога, буд. 27 кв. 68, Дрогобич, 25123",+380 86 895-68-97,1992-11-30
Герман Дрозденко,viktor31@gmail.com,"провулок Івана Франка, буд. 6 кв. 468, Авдіївка, 05626",606-64-34,1991-01-24
Ігор Чередник,zakusylozlatoslava@gmail.com,"парк Володі Дубініна, буд. 0, Чуднів, 88754",+380 25 644-57-26,1970-09-13
Роман Хмара,ohaidenko@gmail.com,"сквер Галини Могильницької, буд. 8 кв. 0, Бахмач, 29092",068 460-04-02,2003-03-13
Єва Литвиненко,davyd91@gmail.com,"шосе Восьмого березня 6-й, буд. 104 кв. 2, Гуляйполе, 10758",+380 88 387-40-83,1974-01-06
Юстим Безбородько,tsymbaliukrostyslav@gmail.com,"сквер Водний, буд. 6 кв. 534, Хирів, 51815",077 703-25-85,1994-05-13
Георгій Скирда,marko26@nav4it.org,"шосе Мечникова, буд. 58, Почаїв, 37488",+380 21 067-41-18,1968-08-20
Мирослав Стельмах,veniiamynlemeshko@nav4it.org,"набережна Кладовищенська, буд. 58, Ужгород, 02497",817-60-17,1978-03-31
Тереза Гуцуляк,ekovaliuk@gmail.com,"проспект Авіаторів, буд. 994 кв. 438, Синельникове, 23762",561 16 20,1987-03-29
Лілія Чуйко,emiliia05@nav4it.org,"провулок Кортацці, буд. 2 кв. 1, Устилуг, 55825",015 669 73 64,1990-04-02
Борислав Юрченко,ukovalenko@ukr.net,"шосе Польська, буд. 369 кв. 278, Радомишль, 77135",+380 79 025-05-10,1993-03-14
Болеслав Гайдамака,demyd15@nav4it.org,"проспект Лиманна, буд. 7 кв. 17, Залізне, 75586",+380 21 122-11-39,1962-10-12
пані Віра Ковпак,myroslavokhrimenko@nav4it.org,"парк Радіо, буд. 68 кв. 764, Дубно, 80366",+380 33 295-28-18,1996-05-02
Шинкаренко Нестор Сергійович,zabashtadmytro@ukr.net,"парк Гімназична, буд. 21 кв. 1, Івано-Франківськ, 76187",+380 (19) 464-56-93,2002-11-18
Ярина Фастенко,illia99@ukr.net,"проспект Садова 5-та, буд. 587 кв. 2, Заліщики, 44358",+380 (06) 379-12-19,1963-05-24
Світлана Бандурка,shaivoronskyi@nav4it.org,"парк Ізмаїльська, буд. 831 кв. 51, Попасна, 73533",+380 (52) 545-61-93,1979-08-23
Володимира Жадан,andriishyndemyd@ukr.net,"парк Четверта, буд. 6 кв. 4, Львів, 73867",595 67 24,1972-11-01
Ганна Саєнко,orobetsruslan@gmail.com,"проспект Вокзальний, буд. 6, Олевськ, 53779",503-68-96,1980-03-07
Пилип Чаленко,spasdemianiuk@gmail.com,"проспект Каретний, буд. 34, Белз, 04177",091 210-22-88,2002-01-25
Нестор Черінько,atamanchukviktor@gmail.com,"шосе Польська, буд. 704, Березань, 23770",+380 79 445-99-88,1985-08-21
Амалія Засуха,ydurdynets@nav4it.org,"парк Лігінська, буд. 05, Івано-Франківськ, 41507",083 092 01 73,1997-05-05
Оксенія Демʼяненко,vitalii30@gmail.com,"площа Санаторний, буд. 6 кв. 494, Батурин, 06162",+380 68 310-66-60,1966-08-01
Захар Скопенко,mazepaanton@gmail.com,"набережна Савицький, буд. 552 кв. 36, Докучаєвськ, 19270",386 97 95,1959-08-29
Галина Притула,korolenkoivan@gmail.com,"набережна Полуничний, буд. 36 кв. 60, Ірміно, 63174",+380 (31) 178-85-71,1972-10-04
пані Олена Сиротенко,roksolana39@ukr.net,"парк Докова, буд. 6 кв. 94, Зугрес, 58040",044 46 51,1984-12-02
Адам Демʼянюк,myroslav84@ukr.net,"шосе Морехідний, буд. 0 кв. 446, Бердичів, 43230",057 913-49-77,1966-02-26
Златослава Швайка,tychynahordii@gmail.com,"вулиця Біляївська, буд. 6, Сіверськодонецьк, 83558",042 651 16 23,1982-01-18
Охрім Дахно,lgzhytskyi@ukr.net,"провулок 7-ма Лінія Дачі Ковалевського, буд. 689 кв. 10, Довжанськ, 96496",+380 (52) 908-87-83,1977-01-12
Варвара Чорновіл,zaikasnizhana@nav4it.org,"вулиця Усатівська, буд. 310 кв. 558, Мирноград, 34953",010 512 71 33,1961-04-07
Софія Гайворонська,edyta07@gmail.com,"площа Друга, буд. 43 кв. 41, Тячів, 90777",+380 40 903-34-22,1980-04-25
